{
  "main": {
    "ak": {
      "identity": {
        "version": {
          "_cldrVersion": "27.0.1",
          "_number": "$Revision: 10739 $"
        },
        "generation": {
          "_date": "$Date: 2014-08-07 12:54:13 -0500 (Thu, 07 Aug 2014) $"
        },
        "language": "ak"
      },
      "dates": {
        "calendars": {
          "gregorian": {
            "months": {
              "format": {
                "abbreviated": {
                  "1": "S-Ɔ",
                  "2": "K-Ɔ",
                  "3": "E-Ɔ",
                  "4": "E-O",
                  "5": "E-K",
                  "6": "O-A",
                  "7": "A-K",
                  "8": "D-Ɔ",
                  "9": "F-Ɛ",
                  "10": "Ɔ-A",
                  "11": "Ɔ-O",
                  "12": "M-Ɔ"
                },
                "narrow": {
                  "1": "1",
                  "2": "2",
                  "3": "3",
                  "4": "4",
                  "5": "5",
                  "6": "6",
                  "7": "7",
                  "8": "8",
                  "9": "9",
                  "10": "10",
                  "11": "11",
                  "12": "12"
                },
                "wide": {
                  "1": "Sanda-Ɔpɛpɔn",
                  "2": "Kwakwar-Ɔgyefuo",
                  "3": "Ebɔw-Ɔbenem",
                  "4": "Ebɔbira-Oforisuo",
                  "5": "Esusow Aketseaba-Kɔtɔnimba",
                  "6": "Obirade-Ayɛwohomumu",
                  "7": "Ayɛwoho-Kitawonsa",
                  "8": "Difuu-Ɔsandaa",
                  "9": "Fankwa-Ɛbɔ",
                  "10": "Ɔbɛsɛ-Ahinime",
                  "11": "Ɔberɛfɛw-Obubuo",
                  "12": "Mumu-Ɔpɛnimba"
                }
              },
              "stand-alone": {
                "abbreviated": {
                  "1": "S-Ɔ",
                  "2": "K-Ɔ",
                  "3": "E-Ɔ",
                  "4": "E-O",
                  "5": "E-K",
                  "6": "O-A",
                  "7": "A-K",
                  "8": "D-Ɔ",
                  "9": "F-Ɛ",
                  "10": "Ɔ-A",
                  "11": "Ɔ-O",
                  "12": "M-Ɔ"
                },
                "narrow": {
                  "1": "1",
                  "2": "2",
                  "3": "3",
                  "4": "4",
                  "5": "5",
                  "6": "6",
                  "7": "7",
                  "8": "8",
                  "9": "9",
                  "10": "10",
                  "11": "11",
                  "12": "12"
                },
                "wide": {
                  "1": "Sanda-Ɔpɛpɔn",
                  "2": "Kwakwar-Ɔgyefuo",
                  "3": "Ebɔw-Ɔbenem",
                  "4": "Ebɔbira-Oforisuo",
                  "5": "Esusow Aketseaba-Kɔtɔnimba",
                  "6": "Obirade-Ayɛwohomumu",
                  "7": "Ayɛwoho-Kitawonsa",
                  "8": "Difuu-Ɔsandaa",
                  "9": "Fankwa-Ɛbɔ",
                  "10": "Ɔbɛsɛ-Ahinime",
                  "11": "Ɔberɛfɛw-Obubuo",
                  "12": "Mumu-Ɔpɛnimba"
                }
              }
            },
            "days": {
              "format": {
                "abbreviated": {
                  "sun": "Kwe",
                  "mon": "Dwo",
                  "tue": "Ben",
                  "wed": "Wuk",
                  "thu": "Yaw",
                  "fri": "Fia",
                  "sat": "Mem"
                },
                "narrow": {
                  "sun": "K",
                  "mon": "D",
                  "tue": "B",
                  "wed": "W",
                  "thu": "Y",
                  "fri": "F",
                  "sat": "M"
                },
                "short": {
                  "sun": "Kwe",
                  "mon": "Dwo",
                  "tue": "Ben",
                  "wed": "Wuk",
                  "thu": "Yaw",
                  "fri": "Fia",
                  "sat": "Mem"
                },
                "wide": {
                  "sun": "Kwesida",
                  "mon": "Dwowda",
                  "tue": "Benada",
                  "wed": "Wukuda",
                  "thu": "Yawda",
                  "fri": "Fida",
                  "sat": "Memeneda"
                }
              },
              "stand-alone": {
                "abbreviated": {
                  "sun": "Kwe",
                  "mon": "Dwo",
                  "tue": "Ben",
                  "wed": "Wuk",
                  "thu": "Yaw",
                  "fri": "Fia",
                  "sat": "Mem"
                },
                "narrow": {
                  "sun": "K",
                  "mon": "D",
                  "tue": "B",
                  "wed": "W",
                  "thu": "Y",
                  "fri": "F",
                  "sat": "M"
                },
                "short": {
                  "sun": "Kwe",
                  "mon": "Dwo",
                  "tue": "Ben",
                  "wed": "Wuk",
                  "thu": "Yaw",
                  "fri": "Fia",
                  "sat": "Mem"
                },
                "wide": {
                  "sun": "Kwesida",
                  "mon": "Dwowda",
                  "tue": "Benada",
                  "wed": "Wukuda",
                  "thu": "Yawda",
                  "fri": "Fida",
                  "sat": "Memeneda"
                }
              }
            },
            "quarters": {
              "format": {
                "abbreviated": {
                  "1": "Q1",
                  "2": "Q2",
                  "3": "Q3",
                  "4": "Q4"
                },
                "narrow": {
                  "1": "1",
                  "2": "2",
                  "3": "3",
                  "4": "4"
                },
                "wide": {
                  "1": "Q1",
                  "2": "Q2",
                  "3": "Q3",
                  "4": "Q4"
                }
              },
              "stand-alone": {
                "abbreviated": {
                  "1": "Q1",
                  "2": "Q2",
                  "3": "Q3",
                  "4": "Q4"
                },
                "narrow": {
                  "1": "1",
                  "2": "2",
                  "3": "3",
                  "4": "4"
                },
                "wide": {
                  "1": "Q1",
                  "2": "Q2",
                  "3": "Q3",
                  "4": "Q4"
                }
              }
            },
            "dayPeriods": {
              "format": {
                "abbreviated": {
                  "am": "AN",
                  "noon": "noon",
                  "pm": "EW"
                },
                "narrow": {
                  "am": "a",
                  "noon": "n",
                  "pm": "p"
                },
                "wide": {
                  "am": "AN",
                  "noon": "noon",
                  "pm": "EW"
                }
              },
              "stand-alone": {
                "abbreviated": {
                  "am": "AN",
                  "noon": "noon",
                  "pm": "EW"
                },
                "narrow": {
                  "am": "a",
                  "noon": "n",
                  "pm": "p"
                },
                "wide": {
                  "am": "AN",
                  "noon": "noon",
                  "pm": "EW"
                }
              }
            },
            "eras": {
              "eraNames": {
                "0": "Ansa Kristo",
                "0-alt-variant": "BCE",
                "1": "Kristo Ekyiri",
                "1-alt-variant": "CE"
              },
              "eraAbbr": {
                "0": "AK",
                "0-alt-variant": "BCE",
                "1": "KE",
                "1-alt-variant": "CE"
              },
              "eraNarrow": {
                "0": "AK",
                "0-alt-variant": "BCE",
                "1": "KE",
                "1-alt-variant": "CE"
              }
            },
            "dateFormats": {
              "full": "EEEE, y MMMM dd",
              "long": "y MMMM d",
              "medium": "y MMM d",
              "short": "yy/MM/dd"
            },
            "timeFormats": {
              "full": "HH:mm:ss zzzz",
              "long": "HH:mm:ss z",
              "medium": "HH:mm:ss",
              "short": "HH:mm"
            },
            "dateTimeFormats": {
              "full": "{1} {0}",
              "long": "{1} {0}",
              "medium": "{1} {0}",
              "short": "{1} {0}",
              "availableFormats": {
                "E": "ccc",
                "EHm": "E HH:mm",
                "EHms": "E HH:mm:ss",
                "Ed": "d, E",
                "Ehm": "E h:mm a",
                "Ehms": "E h:mm:ss a",
                "Gy": "G y",
                "GyMMM": "G y MMM",
                "GyMMMEd": "G y MMM d, E",
                "GyMMMd": "G y MMM d",
                "H": "HH",
                "Hm": "HH:mm",
                "Hms": "HH:mm:ss",
                "Hmsv": "HH:mm:ss v",
                "Hmv": "HH:mm v",
                "M": "L",
                "MEd": "E, M/d",
                "MMM": "LLL",
                "MMMEd": "E, MMM d",
                "MMMMEd": "E, MMMM d",
                "MMMMd": "MMMM d",
                "MMMd": "MMM d",
                "Md": "M/d",
                "d": "d",
                "h": "h a",
                "hm": "h:mm a",
                "hms": "h:mm:ss a",
                "hmsv": "h:mm:ss a v",
                "hmv": "h:mm a v",
                "ms": "mm:ss",
                "y": "y",
                "yM": "M/y",
                "yMEd": "E, M/d/y",
                "yMMM": "MMM y",
                "yMMMEd": "E, MMM d, y",
                "yMMMM": "MMMM y",
                "yMMMd": "y MMM d",
                "yMd": "y/M/d",
                "yQQQ": "QQQ y",
                "yQQQQ": "QQQQ y"
              },
              "appendItems": {
                "Day": "{0} ({2}: {1})",
                "Day-Of-Week": "{0} {1}",
                "Era": "{1} {0}",
                "Hour": "{0} ({2}: {1})",
                "Minute": "{0} ({2}: {1})",
                "Month": "{0} ({2}: {1})",
                "Quarter": "{0} ({2}: {1})",
                "Second": "{0} ({2}: {1})",
                "Timezone": "{0} {1}",
                "Week": "{0} ({2}: {1})",
                "Year": "{1} {0}"
              },
              "intervalFormats": {
                "intervalFormatFallback": "{0} – {1}",
                "H": {
                  "H": "HH–HH"
                },
                "Hm": {
                  "H": "HH:mm–HH:mm",
                  "m": "HH:mm–HH:mm"
                },
                "Hmv": {
                  "H": "HH:mm–HH:mm v",
                  "m": "HH:mm–HH:mm v"
                },
                "Hv": {
                  "H": "HH–HH v"
                },
                "M": {
                  "M": "MM–MM"
                },
                "MEd": {
                  "M": "MM-dd, E – MM-dd, E",
                  "d": "MM-dd, E – MM-dd, E"
                },
                "MMM": {
                  "M": "LLL–LLL"
                },
                "MMMEd": {
                  "M": "MMM d, E – MMM d, E",
                  "d": "MMM d, E – MMM d, E"
                },
                "MMMd": {
                  "M": "MMM d – MMM d",
                  "d": "MMM d–d"
                },
                "Md": {
                  "M": "MM-dd – MM-dd",
                  "d": "MM-dd – MM-dd"
                },
                "d": {
                  "d": "d–d"
                },
                "h": {
                  "a": "h a – h a",
                  "h": "h–h a"
                },
                "hm": {
                  "a": "h:mm a – h:mm a",
                  "h": "h:mm–h:mm a",
                  "m": "h:mm–h:mm a"
                },
                "hmv": {
                  "a": "h:mm a – h:mm a v",
                  "h": "h:mm–h:mm a v",
                  "m": "h:mm–h:mm a v"
                },
                "hv": {
                  "a": "h a – h a v",
                  "h": "h–h a v"
                },
                "y": {
                  "y": "y–y"
                },
                "yM": {
                  "M": "y-MM – y-MM",
                  "y": "y-MM – y-MM"
                },
                "yMEd": {
                  "M": "y-MM-dd, E – y-MM-dd, E",
                  "d": "y-MM-dd, E – y-MM-dd, E",
                  "y": "y-MM-dd, E – y-MM-dd, E"
                },
                "yMMM": {
                  "M": "y MMM–MMM",
                  "y": "y MMM – y MMM"
                },
                "yMMMEd": {
                  "M": "y MMM d, E – MMM d, E",
                  "d": "y MMM d, E – MMM d, E",
                  "y": "y MMM d, E – y MMM d, E"
                },
                "yMMMM": {
                  "M": "y MMMM–MMMM",
                  "y": "y MMMM – y MMMM"
                },
                "yMMMd": {
                  "M": "y MMM d – MMM d",
                  "d": "y MMM d–d",
                  "y": "y MMM d – y MMM d"
                },
                "yMd": {
                  "M": "y-MM-dd – y-MM-dd",
                  "d": "y-MM-dd – y-MM-dd",
                  "y": "y-MM-dd – y-MM-dd"
                }
              }
            }
          }
        }
      }
    }
  }
}
