{
  "main": {
    "ar": {
      "identity": {
        "version": {
          "_cldrVersion": "27.0.1",
          "_number": "$Revision: 11294 $"
        },
        "generation": {
          "_date": "$Date: 2015-02-23 16:50:24 -0600 (Mon, 23 Feb 2015) $"
        },
        "language": "ar"
      },
      "localeDisplayNames": {
        "transformNames": {
          "BGN": "بي جي إن",
          "Numeric": "رقمي",
          "Tone": "أسلوب",
          "UNGEGN": "يو إن جي إي جي إن",
          "x-Accents": "اللكنات",
          "x-Fullwidth": "عرض كامل",
          "x-Halfwidth": "نصف العرض",
          "x-Jamo": "جامو",
          "x-Pinyin": "بن يين",
          "x-Publishing": "نشر"
        }
      }
    }
  }
}
