{
  "main": {
    "am": {
      "identity": {
        "version": {
          "_cldrVersion": "27.0.1",
          "_number": "$Revision: 11294 $"
        },
        "generation": {
          "_date": "$Date: 2015-02-23 16:50:24 -0600 (Mon, 23 Feb 2015) $"
        },
        "language": "am"
      },
      "localeDisplayNames": {
        "transformNames": {
          "BGN": "ቢ ጂ ኤን",
          "Numeric": "አሃዛዊ",
          "Tone": "የድምፅ ቃና",
          "UNGEGN": "UNGEGN",
          "x-Accents": "ትእምርት",
          "x-Fullwidth": "ሙሉ ወርድ",
          "x-Halfwidth": "ሃልፍዊድዝ",
          "x-Jamo": "ጃሞ",
          "x-Pinyin": "ፒንዪን",
          "x-Publishing": "ማሳተም"
        }
      }
    }
  }
}
