{
  "main": {
    "az-Cyrl": {
      "identity": {
        "version": {
          "_cldrVersion": "27.0.1",
          "_number": "$Revision: 11034 $"
        },
        "generation": {
          "_date": "$Date: 2014-10-17 13:57:28 -0500 (Fri, 17 Oct 2014) $"
        },
        "language": "az",
        "script": "Cyrl"
      },
      "dates": {
        "calendars": {
          "gregorian": {
            "months": {
              "format": {
                "abbreviated": {
                  "1": "јанвар",
                  "2": "феврал",
                  "3": "март",
                  "4": "апрел",
                  "5": "май",
                  "6": "ијун",
                  "7": "ијул",
                  "8": "август",
                  "9": "сентјабр",
                  "10": "октјабр",
                  "11": "нојабр",
                  "12": "декабр"
                },
                "narrow": {
                  "1": "1",
                  "2": "2",
                  "3": "3",
                  "4": "4",
                  "5": "5",
                  "6": "6",
                  "7": "7",
                  "8": "8",
                  "9": "9",
                  "10": "10",
                  "11": "11",
                  "12": "12"
                },
                "wide": {
                  "1": "јанвар",
                  "2": "феврал",
                  "3": "март",
                  "4": "апрел",
                  "5": "май",
                  "6": "ијун",
                  "7": "ијул",
                  "8": "август",
                  "9": "сентјабр",
                  "10": "октјабр",
                  "11": "нојабр",
                  "12": "декабр"
                }
              },
              "stand-alone": {
                "abbreviated": {
                  "1": "јанвар",
                  "2": "феврал",
                  "3": "март",
                  "4": "апрел",
                  "5": "май",
                  "6": "ијун",
                  "7": "ијул",
                  "8": "август",
                  "9": "сентјабр",
                  "10": "октјабр",
                  "11": "нојабр",
                  "12": "декабр"
                },
                "narrow": {
                  "1": "1",
                  "2": "2",
                  "3": "3",
                  "4": "4",
                  "5": "5",
                  "6": "6",
                  "7": "7",
                  "8": "8",
                  "9": "9",
                  "10": "10",
                  "11": "11",
                  "12": "12"
                },
                "wide": {
                  "1": "јанвар",
                  "2": "феврал",
                  "3": "март",
                  "4": "апрел",
                  "5": "май",
                  "6": "ијун",
                  "7": "ијул",
                  "8": "август",
                  "9": "сентјабр",
                  "10": "октјабр",
                  "11": "нојабр",
                  "12": "декабр"
                }
              }
            },
            "days": {
              "format": {
                "abbreviated": {
                  "sun": "базар",
                  "mon": "базар ертәси",
                  "tue": "чәршәнбә ахшамы",
                  "wed": "чәршәнбә",
                  "thu": "ҹүмә ахшамы",
                  "fri": "ҹүмә",
                  "sat": "шәнбә"
                },
                "narrow": {
                  "sun": "7",
                  "mon": "1",
                  "tue": "2",
                  "wed": "3",
                  "thu": "4",
                  "fri": "5",
                  "sat": "6"
                },
                "short": {
                  "sun": "базар",
                  "mon": "базар ертәси",
                  "tue": "чәршәнбә ахшамы",
                  "wed": "чәршәнбә",
                  "thu": "ҹүмә ахшамы",
                  "fri": "ҹүмә",
                  "sat": "шәнбә"
                },
                "wide": {
                  "sun": "базар",
                  "mon": "базар ертәси",
                  "tue": "чәршәнбә ахшамы",
                  "wed": "чәршәнбә",
                  "thu": "ҹүмә ахшамы",
                  "fri": "ҹүмә",
                  "sat": "шәнбә"
                }
              },
              "stand-alone": {
                "abbreviated": {
                  "sun": "базар",
                  "mon": "базар ертәси",
                  "tue": "чәршәнбә ахшамы",
                  "wed": "чәршәнбә",
                  "thu": "ҹүмә ахшамы",
                  "fri": "ҹүмә",
                  "sat": "шәнбә"
                },
                "narrow": {
                  "sun": "7",
                  "mon": "1",
                  "tue": "2",
                  "wed": "3",
                  "thu": "4",
                  "fri": "5",
                  "sat": "6"
                },
                "short": {
                  "sun": "базар",
                  "mon": "базар ертәси",
                  "tue": "чәршәнбә ахшамы",
                  "wed": "чәршәнбә",
                  "thu": "ҹүмә ахшамы",
                  "fri": "ҹүмә",
                  "sat": "шәнбә"
                },
                "wide": {
                  "sun": "базар",
                  "mon": "базар ертәси",
                  "tue": "чәршәнбә ахшамы",
                  "wed": "чәршәнбә",
                  "thu": "ҹүмә ахшамы",
                  "fri": "ҹүмә",
                  "sat": "шәнбә"
                }
              }
            },
            "quarters": {
              "format": {
                "abbreviated": {
                  "1": "Q1",
                  "2": "Q2",
                  "3": "Q3",
                  "4": "Q4"
                },
                "narrow": {
                  "1": "1",
                  "2": "2",
                  "3": "3",
                  "4": "4"
                },
                "wide": {
                  "1": "Q1",
                  "2": "Q2",
                  "3": "Q3",
                  "4": "Q4"
                }
              },
              "stand-alone": {
                "abbreviated": {
                  "1": "Q1",
                  "2": "Q2",
                  "3": "Q3",
                  "4": "Q4"
                },
                "narrow": {
                  "1": "1",
                  "2": "2",
                  "3": "3",
                  "4": "4"
                },
                "wide": {
                  "1": "Q1",
                  "2": "Q2",
                  "3": "Q3",
                  "4": "Q4"
                }
              }
            },
            "dayPeriods": {
              "format": {
                "abbreviated": {
                  "am": "AM",
                  "noon": "noon",
                  "pm": "PM"
                },
                "narrow": {
                  "am": "a",
                  "noon": "n",
                  "pm": "p"
                },
                "wide": {
                  "am": "AM",
                  "noon": "noon",
                  "pm": "PM"
                }
              },
              "stand-alone": {
                "abbreviated": {
                  "am": "AM",
                  "noon": "noon",
                  "pm": "PM"
                },
                "narrow": {
                  "am": "a",
                  "noon": "n",
                  "pm": "p"
                },
                "wide": {
                  "am": "AM",
                  "noon": "noon",
                  "pm": "PM"
                }
              }
            },
            "eras": {
              "eraNames": {
                "0": "BCE",
                "0-alt-variant": "BCE",
                "1": "CE",
                "1-alt-variant": "CE"
              },
              "eraAbbr": {
                "0": "BCE",
                "0-alt-variant": "BCE",
                "1": "CE",
                "1-alt-variant": "CE"
              },
              "eraNarrow": {
                "0": "BCE",
                "0-alt-variant": "BCE",
                "1": "CE",
                "1-alt-variant": "CE"
              }
            },
            "dateFormats": {
              "full": "EEEE, d, MMMM, y",
              "long": "d MMMM, y",
              "medium": "d MMM, y",
              "short": "dd.MM.yy"
            },
            "timeFormats": {
              "full": "HH:mm:ss zzzz",
              "long": "HH:mm:ss z",
              "medium": "HH:mm:ss",
              "short": "HH:mm"
            },
            "dateTimeFormats": {
              "full": "{1} {0}",
              "long": "{1} {0}",
              "medium": "{1} {0}",
              "short": "{1} {0}",
              "availableFormats": {
                "E": "ccc",
                "EHm": "E HH:mm",
                "EHms": "E HH:mm:ss",
                "Ed": "d, E",
                "Ehm": "E h:mm a",
                "Ehms": "E h:mm:ss a",
                "Gy": "G y",
                "GyMMM": "G y MMM",
                "GyMMMEd": "G y MMM d, E",
                "GyMMMd": "G y MMM d",
                "H": "HH",
                "Hm": "HH:mm",
                "Hms": "HH:mm:ss",
                "Hmsv": "HH:mm:ss v",
                "Hmv": "HH:mm v",
                "M": "L",
                "MEd": "E, dd.MM",
                "MMM": "LLL",
                "MMMEd": "E, d, MMM",
                "MMMd": "d MMM",
                "Md": "dd.MM",
                "d": "d",
                "h": "h a",
                "hm": "h:mm a",
                "hms": "h:mm:ss a",
                "hmsv": "h:mm:ss a v",
                "hmv": "h:mm a v",
                "ms": "mm:ss",
                "y": "y",
                "yM": "MM.y",
                "yMEd": "E, dd.MM.y",
                "yMMM": "MMM, y",
                "yMMMEd": "E, d, MMM, y",
                "yMMMd": "d MMM, y",
                "yMd": "dd.MM.y",
                "yQQQ": "y QQQ",
                "yQQQQ": "y QQQQ"
              },
              "appendItems": {
                "Day": "{0} ({2}: {1})",
                "Day-Of-Week": "{0} {1}",
                "Era": "{1} {0}",
                "Hour": "{0} ({2}: {1})",
                "Minute": "{0} ({2}: {1})",
                "Month": "{0} ({2}: {1})",
                "Quarter": "{0} ({2}: {1})",
                "Second": "{0} ({2}: {1})",
                "Timezone": "{0} {1}",
                "Week": "{0} ({2}: {1})",
                "Year": "{1} {0}"
              },
              "intervalFormats": {
                "intervalFormatFallback": "{0} – {1}",
                "H": {
                  "H": "HH–HH"
                },
                "Hm": {
                  "H": "HH:mm–HH:mm",
                  "m": "HH:mm–HH:mm"
                },
                "Hmv": {
                  "H": "HH:mm–HH:mm v",
                  "m": "HH:mm–HH:mm v"
                },
                "Hv": {
                  "H": "HH–HH v"
                },
                "M": {
                  "M": "MM–MM"
                },
                "MEd": {
                  "M": "MM-dd, E – MM-dd, E",
                  "d": "MM-dd, E – MM-dd, E"
                },
                "MMM": {
                  "M": "LLL–LLL"
                },
                "MMMEd": {
                  "M": "MMM d, E – MMM d, E",
                  "d": "MMM d, E – MMM d, E"
                },
                "MMMd": {
                  "M": "MMM d – MMM d",
                  "d": "MMM d–d"
                },
                "Md": {
                  "M": "MM-dd – MM-dd",
                  "d": "MM-dd – MM-dd"
                },
                "d": {
                  "d": "d–d"
                },
                "h": {
                  "a": "h a – h a",
                  "h": "h–h a"
                },
                "hm": {
                  "a": "h:mm a – h:mm a",
                  "h": "h:mm–h:mm a",
                  "m": "h:mm–h:mm a"
                },
                "hmv": {
                  "a": "h:mm a – h:mm a v",
                  "h": "h:mm–h:mm a v",
                  "m": "h:mm–h:mm a v"
                },
                "hv": {
                  "a": "h a – h a v",
                  "h": "h–h a v"
                },
                "y": {
                  "y": "y–y"
                },
                "yM": {
                  "M": "y-MM – y-MM",
                  "y": "y-MM – y-MM"
                },
                "yMEd": {
                  "M": "y-MM-dd, E – y-MM-dd, E",
                  "d": "y-MM-dd, E – y-MM-dd, E",
                  "y": "y-MM-dd, E – y-MM-dd, E"
                },
                "yMMM": {
                  "M": "y MMM–MMM",
                  "y": "y MMM – y MMM"
                },
                "yMMMEd": {
                  "M": "y MMM d, E – MMM d, E",
                  "d": "y MMM d, E – MMM d, E",
                  "y": "y MMM d, E – y MMM d, E"
                },
                "yMMMM": {
                  "M": "y MMMM–MMMM",
                  "y": "y MMMM – y MMMM"
                },
                "yMMMd": {
                  "M": "y MMM d – MMM d",
                  "d": "y MMM d–d",
                  "y": "y MMM d – y MMM d"
                },
                "yMd": {
                  "M": "y-MM-dd – y-MM-dd",
                  "d": "y-MM-dd – y-MM-dd",
                  "y": "y-MM-dd – y-MM-dd"
                }
              }
            }
          }
        }
      }
    }
  }
}
