{
  "main": {
    "az": {
      "identity": {
        "version": {
          "_cldrVersion": "27.0.1",
          "_number": "$Revision: 11294 $"
        },
        "generation": {
          "_date": "$Date: 2015-02-23 16:50:24 -0600 (Mon, 23 Feb 2015) $"
        },
        "language": "az"
      },
      "dates": {
        "fields": {
          "era": {
            "displayName": "Era"
          },
          "year": {
            "displayName": "İl",
            "relative-type--1": "keçən il",
            "relative-type-0": "bu il",
            "relative-type-1": "gələn il",
            "relativeTime-type-future": {
              "relativeTimePattern-count-one": "{0} il ərzində",
              "relativeTimePattern-count-other": "{0} il ərzində"
            },
            "relativeTime-type-past": {
              "relativeTimePattern-count-one": "{0} il öncə",
              "relativeTimePattern-count-other": "{0} il öncə"
            }
          },
          "year-short": {
            "displayName": "il",
            "relative-type--1": "keçən il",
            "relative-type-0": "bu il",
            "relative-type-1": "gələn il",
            "relativeTime-type-future": {
              "relativeTimePattern-count-one": "{0} il ərzində",
              "relativeTimePattern-count-other": "{0} il ərzində"
            },
            "relativeTime-type-past": {
              "relativeTimePattern-count-one": "{0} il öncə",
              "relativeTimePattern-count-other": "{0} il öncə"
            }
          },
          "year-narrow": {
            "displayName": "il",
            "relative-type--1": "keçən il",
            "relative-type-0": "bu il",
            "relative-type-1": "gələn il",
            "relativeTime-type-future": {
              "relativeTimePattern-count-one": "{0} il ərzində",
              "relativeTimePattern-count-other": "{0} il ərzində"
            },
            "relativeTime-type-past": {
              "relativeTimePattern-count-one": "{0} il öncə",
              "relativeTimePattern-count-other": "{0} il öncə"
            }
          },
          "quarter": {
            "displayName": "Rüb",
            "relative-type--1": "last quarter",
            "relative-type-0": "this quarter",
            "relative-type-1": "next quarter",
            "relativeTime-type-future": {
              "relativeTimePattern-count-one": "{0} rüb ərzində",
              "relativeTimePattern-count-other": "{0} rüb ərzində"
            },
            "relativeTime-type-past": {
              "relativeTimePattern-count-one": "{0} rüb öncə",
              "relativeTimePattern-count-other": "{0} rüb öncə"
            }
          },
          "quarter-short": {
            "displayName": "rüb",
            "relative-type--1": "last quarter",
            "relative-type-0": "this quarter",
            "relative-type-1": "next quarter",
            "relativeTime-type-future": {
              "relativeTimePattern-count-one": "{0} rüb ərzində",
              "relativeTimePattern-count-other": "{0} rüb ərzində"
            },
            "relativeTime-type-past": {
              "relativeTimePattern-count-one": "{0} rüb öncə",
              "relativeTimePattern-count-other": "{0} rüb öncə"
            }
          },
          "quarter-narrow": {
            "displayName": "rüb",
            "relative-type--1": "last quarter",
            "relative-type-0": "this quarter",
            "relative-type-1": "next quarter",
            "relativeTime-type-future": {
              "relativeTimePattern-count-one": "{0} rüb ərzində",
              "relativeTimePattern-count-other": "{0} rüb ərzində"
            },
            "relativeTime-type-past": {
              "relativeTimePattern-count-one": "{0} rüb öncə",
              "relativeTimePattern-count-other": "{0} rüb öncə"
            }
          },
          "month": {
            "displayName": "Ay",
            "relative-type--1": "keçən ay",
            "relative-type-0": "bu ay",
            "relative-type-1": "gələn ay",
            "relativeTime-type-future": {
              "relativeTimePattern-count-one": "{0} ay ərzində",
              "relativeTimePattern-count-other": "{0} ay ərzində"
            },
            "relativeTime-type-past": {
              "relativeTimePattern-count-one": "{0} ay öncə",
              "relativeTimePattern-count-other": "{0} ay öncə"
            }
          },
          "month-short": {
            "displayName": "ay",
            "relative-type--1": "keçən ay",
            "relative-type-0": "bu ay",
            "relative-type-1": "gələn ay",
            "relativeTime-type-future": {
              "relativeTimePattern-count-one": "{0} ay ərzində",
              "relativeTimePattern-count-other": "{0} ay ərzində"
            },
            "relativeTime-type-past": {
              "relativeTimePattern-count-one": "{0} ay öncə",
              "relativeTimePattern-count-other": "{0} ay öncə"
            }
          },
          "month-narrow": {
            "displayName": "ay",
            "relative-type--1": "keçən ay",
            "relative-type-0": "bu ay",
            "relative-type-1": "gələn ay",
            "relativeTime-type-future": {
              "relativeTimePattern-count-one": "{0} ay ərzində",
              "relativeTimePattern-count-other": "{0} ay ərzində"
            },
            "relativeTime-type-past": {
              "relativeTimePattern-count-one": "{0} ay öncə",
              "relativeTimePattern-count-other": "{0} ay öncə"
            }
          },
          "week": {
            "displayName": "Həftə",
            "relative-type--1": "keçən həftə",
            "relative-type-0": "bu həftə",
            "relative-type-1": "gələn həftə",
            "relativeTime-type-future": {
              "relativeTimePattern-count-one": "{0} həftə ərzində",
              "relativeTimePattern-count-other": "{0} həftə ərzində"
            },
            "relativeTime-type-past": {
              "relativeTimePattern-count-one": "{0} həftə öncə",
              "relativeTimePattern-count-other": "{0} həftə öncə"
            }
          },
          "week-short": {
            "displayName": "həftə",
            "relative-type--1": "keçən həftə",
            "relative-type-0": "bu həftə",
            "relative-type-1": "gələn həftə",
            "relativeTime-type-future": {
              "relativeTimePattern-count-one": "{0} həftə ərzində",
              "relativeTimePattern-count-other": "{0} həftə ərzində"
            },
            "relativeTime-type-past": {
              "relativeTimePattern-count-one": "{0} həftə öncə",
              "relativeTimePattern-count-other": "{0} həftə öncə"
            }
          },
          "week-narrow": {
            "displayName": "həftə",
            "relative-type--1": "keçən həftə",
            "relative-type-0": "bu həftə",
            "relative-type-1": "gələn həftə",
            "relativeTime-type-future": {
              "relativeTimePattern-count-one": "{0} həftə ərzində",
              "relativeTimePattern-count-other": "{0} həftə ərzində"
            },
            "relativeTime-type-past": {
              "relativeTimePattern-count-one": "{0} həftə öncə",
              "relativeTimePattern-count-other": "{0} həftə öncə"
            }
          },
          "day": {
            "displayName": "Gün",
            "relative-type--1": "dünən",
            "relative-type-0": "bu gün",
            "relative-type-1": "sabah",
            "relativeTime-type-future": {
              "relativeTimePattern-count-one": "{0} gün ərzində",
              "relativeTimePattern-count-other": "{0} gün ərzində"
            },
            "relativeTime-type-past": {
              "relativeTimePattern-count-one": "{0} gün öncə",
              "relativeTimePattern-count-other": "{0} gün öncə"
            }
          },
          "day-short": {
            "displayName": "Gün",
            "relative-type--1": "dünən",
            "relative-type-0": "bu gün",
            "relative-type-1": "sabah",
            "relativeTime-type-future": {
              "relativeTimePattern-count-one": "{0} gün ərzində",
              "relativeTimePattern-count-other": "{0} gün ərzində"
            },
            "relativeTime-type-past": {
              "relativeTimePattern-count-one": "{0} gün öncə",
              "relativeTimePattern-count-other": "{0} gün öncə"
            }
          },
          "day-narrow": {
            "displayName": "Gün",
            "relative-type--1": "dünən",
            "relative-type-0": "bu gün",
            "relative-type-1": "sabah",
            "relativeTime-type-future": {
              "relativeTimePattern-count-one": "{0} gün ərzində",
              "relativeTimePattern-count-other": "{0} gün ərzində"
            },
            "relativeTime-type-past": {
              "relativeTimePattern-count-one": "{0} gün öncə",
              "relativeTimePattern-count-other": "{0} gün öncə"
            }
          },
          "weekday": {
            "displayName": "Həftənin Günü"
          },
          "sun": {
            "relative-type--1": "keçən bazar",
            "relative-type-0": "bu bazar",
            "relative-type-1": "gələn bazar"
          },
          "sun-short": {
            "relative-type--1": "keçən bazar",
            "relative-type-0": "bu bazar",
            "relative-type-1": "gələn bazar"
          },
          "sun-narrow": {
            "relative-type--1": "keçən bazar",
            "relative-type-0": "bu bazar",
            "relative-type-1": "gələn bazar"
          },
          "mon": {
            "relative-type--1": "keçən bazar ertəsi",
            "relative-type-0": "bu bazar ertəsi",
            "relative-type-1": "gələn bazar ertəsi"
          },
          "mon-short": {
            "relative-type--1": "keçən bazar ertəsi",
            "relative-type-0": "bu bazar ertəsi",
            "relative-type-1": "gələn bazar ertəsi"
          },
          "mon-narrow": {
            "relative-type--1": "keçən bazar ertəsi",
            "relative-type-0": "bu bazar ertəsi",
            "relative-type-1": "gələn bazar ertəsi"
          },
          "tue": {
            "relative-type--1": "keçən çərşənbə axşamı",
            "relative-type-0": "bu çərşənbə axşamı",
            "relative-type-1": "gələn çərşənbə axşamı"
          },
          "tue-short": {
            "relative-type--1": "keçən çərşənbə axşamı",
            "relative-type-0": "bu çərşənbə axşamı",
            "relative-type-1": "gələn çərşənbə axşamı"
          },
          "tue-narrow": {
            "relative-type--1": "keçən çərşənbə axşamı",
            "relative-type-0": "bu çərşənbə axşamı",
            "relative-type-1": "gələn çərşənbə axşamı"
          },
          "wed": {
            "relative-type--1": "keçən çərşənbə",
            "relative-type-0": "bu çərşənbə",
            "relative-type-1": "gələn çərşənbə"
          },
          "wed-short": {
            "relative-type--1": "keçən çərşənbə",
            "relative-type-0": "bu çərşənbə",
            "relative-type-1": "gələn çərşənbə"
          },
          "wed-narrow": {
            "relative-type--1": "keçən çərşənbə",
            "relative-type-0": "bu çərşənbə",
            "relative-type-1": "gələn çərşənbə"
          },
          "thu": {
            "relative-type--1": "keçən cümə axşamı",
            "relative-type-0": "bu cümə axşamı",
            "relative-type-1": "gələn cümə axşamı"
          },
          "thu-short": {
            "relative-type--1": "keçən cümə axşamı",
            "relative-type-0": "bu cümə axşamı",
            "relative-type-1": "gələn cümə axşamı"
          },
          "thu-narrow": {
            "relative-type--1": "keçən cümə axşamı",
            "relative-type-0": "bu cümə axşamı",
            "relative-type-1": "gələn cümə axşamı"
          },
          "fri": {
            "relative-type--1": "keçən cümə",
            "relative-type-0": "bu cümə",
            "relative-type-1": "gələn cümə"
          },
          "fri-short": {
            "relative-type--1": "keçən cümə",
            "relative-type-0": "bu cümə",
            "relative-type-1": "gələn cümə"
          },
          "fri-narrow": {
            "relative-type--1": "keçən cümə",
            "relative-type-0": "bu cümə",
            "relative-type-1": "gələn cümə"
          },
          "sat": {
            "relative-type--1": "keçən şənbə",
            "relative-type-0": "bu şənbə",
            "relative-type-1": "gələn şənbə"
          },
          "sat-short": {
            "relative-type--1": "keçən şənbə",
            "relative-type-0": "bu şənbə",
            "relative-type-1": "gələn şənbə"
          },
          "sat-narrow": {
            "relative-type--1": "keçən şənbə",
            "relative-type-0": "bu şənbə",
            "relative-type-1": "gələn şənbə"
          },
          "dayperiod": {
            "displayName": "AM/PM"
          },
          "hour": {
            "displayName": "Saat",
            "relativeTime-type-future": {
              "relativeTimePattern-count-one": "{0} saat ərzində",
              "relativeTimePattern-count-other": "{0} saat ərzində"
            },
            "relativeTime-type-past": {
              "relativeTimePattern-count-one": "{0} saat öncə",
              "relativeTimePattern-count-other": "{0} saat öncə"
            }
          },
          "hour-short": {
            "displayName": "saat",
            "relativeTime-type-future": {
              "relativeTimePattern-count-one": "{0} saat ərzində",
              "relativeTimePattern-count-other": "{0} saat ərzində"
            },
            "relativeTime-type-past": {
              "relativeTimePattern-count-one": "{0} saat öncə",
              "relativeTimePattern-count-other": "{0} saat öncə"
            }
          },
          "hour-narrow": {
            "displayName": "saat",
            "relativeTime-type-future": {
              "relativeTimePattern-count-one": "{0} saat ərzində",
              "relativeTimePattern-count-other": "{0} saat ərzində"
            },
            "relativeTime-type-past": {
              "relativeTimePattern-count-one": "{0} saat öncə",
              "relativeTimePattern-count-other": "{0} saat öncə"
            }
          },
          "minute": {
            "displayName": "Dəqiqə",
            "relativeTime-type-future": {
              "relativeTimePattern-count-one": "{0} dəqiqə ərzində",
              "relativeTimePattern-count-other": "{0} dəqiqə ərzində"
            },
            "relativeTime-type-past": {
              "relativeTimePattern-count-one": "{0} dəqiqə öncə",
              "relativeTimePattern-count-other": "{0} dəqiqə öncə"
            }
          },
          "minute-short": {
            "displayName": "dəq.",
            "relativeTime-type-future": {
              "relativeTimePattern-count-one": "{0} dəqiqə ərzində",
              "relativeTimePattern-count-other": "{0} dəqiqə ərzində"
            },
            "relativeTime-type-past": {
              "relativeTimePattern-count-one": "{0} dəqiqə öncə",
              "relativeTimePattern-count-other": "{0} dəqiqə öncə"
            }
          },
          "minute-narrow": {
            "displayName": "dəq.",
            "relativeTime-type-future": {
              "relativeTimePattern-count-one": "{0} dəqiqə ərzində",
              "relativeTimePattern-count-other": "{0} dəqiqə ərzində"
            },
            "relativeTime-type-past": {
              "relativeTimePattern-count-one": "{0} dəqiqə öncə",
              "relativeTimePattern-count-other": "{0} dəqiqə öncə"
            }
          },
          "second": {
            "displayName": "Saniyə",
            "relative-type-0": "indi",
            "relativeTime-type-future": {
              "relativeTimePattern-count-one": "{0} saniyə ərzində",
              "relativeTimePattern-count-other": "{0} saniyə ərzində"
            },
            "relativeTime-type-past": {
              "relativeTimePattern-count-one": "{0} saniyə öncə",
              "relativeTimePattern-count-other": "{0} saniyə öncə"
            }
          },
          "second-short": {
            "displayName": "san.",
            "relative-type-0": "indi",
            "relativeTime-type-future": {
              "relativeTimePattern-count-one": "{0} saniyə ərzində",
              "relativeTimePattern-count-other": "{0} saniyə ərzində"
            },
            "relativeTime-type-past": {
              "relativeTimePattern-count-one": "{0} saniyə öncə",
              "relativeTimePattern-count-other": "{0} saniyə öncə"
            }
          },
          "second-narrow": {
            "displayName": "san.",
            "relative-type-0": "indi",
            "relativeTime-type-future": {
              "relativeTimePattern-count-one": "{0} saniyə ərzində",
              "relativeTimePattern-count-other": "{0} saniyə ərzində"
            },
            "relativeTime-type-past": {
              "relativeTimePattern-count-one": "{0} saniyə öncə",
              "relativeTimePattern-count-other": "{0} saniyə öncə"
            }
          },
          "zone": {
            "displayName": "Saat Qurşağı"
          }
        }
      }
    }
  }
}
