{
  "main": {
    "as": {
      "identity": {
        "version": {
          "_cldrVersion": "27.0.1",
          "_number": "$Revision: 10739 $"
        },
        "generation": {
          "_date": "$Date: 2014-08-07 12:54:13 -0500 (Thu, 07 Aug 2014) $"
        },
        "language": "as"
      },
      "dates": {
        "calendars": {
          "gregorian": {
            "months": {
              "format": {
                "abbreviated": {
                  "1": "জানু",
                  "2": "ফেব্ৰু",
                  "3": "মাৰ্চ",
                  "4": "এপ্ৰিল",
                  "5": "মে",
                  "6": "জুন",
                  "7": "জুলাই",
                  "8": "আগ",
                  "9": "সেপ্ট",
                  "10": "অক্টো",
                  "11": "নভে",
                  "12": "ডিসে"
                },
                "narrow": {
                  "1": "1",
                  "2": "2",
                  "3": "3",
                  "4": "4",
                  "5": "5",
                  "6": "6",
                  "7": "7",
                  "8": "8",
                  "9": "9",
                  "10": "10",
                  "11": "11",
                  "12": "12"
                },
                "wide": {
                  "1": "জানুৱাৰী",
                  "2": "ফেব্ৰুৱাৰী",
                  "3": "মাৰ্চ",
                  "4": "এপ্ৰিল",
                  "5": "মে",
                  "6": "জুন",
                  "7": "জুলাই",
                  "8": "আগষ্ট",
                  "9": "ছেপ্তেম্বৰ",
                  "10": "অক্টোবৰ",
                  "11": "নৱেম্বৰ",
                  "12": "ডিচেম্বৰ"
                }
              },
              "stand-alone": {
                "abbreviated": {
                  "1": "জানু",
                  "2": "ফেব্ৰু",
                  "3": "মাৰ্চ",
                  "4": "এপ্ৰিল",
                  "5": "মে",
                  "6": "জুন",
                  "7": "জুলাই",
                  "8": "আগ",
                  "9": "সেপ্ট",
                  "10": "অক্টো",
                  "11": "নভে",
                  "12": "ডিসে"
                },
                "narrow": {
                  "1": "1",
                  "2": "2",
                  "3": "3",
                  "4": "4",
                  "5": "5",
                  "6": "6",
                  "7": "7",
                  "8": "8",
                  "9": "9",
                  "10": "10",
                  "11": "11",
                  "12": "12"
                },
                "wide": {
                  "1": "জানুৱাৰী",
                  "2": "ফেব্ৰুৱাৰী",
                  "3": "মাৰ্চ",
                  "4": "এপ্ৰিল",
                  "5": "মে",
                  "6": "জুন",
                  "7": "জুলাই",
                  "8": "আগষ্ট",
                  "9": "ছেপ্তেম্বৰ",
                  "10": "অক্টোবৰ",
                  "11": "নৱেম্বৰ",
                  "12": "ডিচেম্বৰ"
                }
              }
            },
            "days": {
              "format": {
                "abbreviated": {
                  "sun": "ৰবি",
                  "mon": "সোম",
                  "tue": "মঙ্গল",
                  "wed": "বুধ",
                  "thu": "বৃহষ্পতি",
                  "fri": "শুক্ৰ",
                  "sat": "শনি"
                },
                "narrow": {
                  "sun": "S",
                  "mon": "M",
                  "tue": "T",
                  "wed": "W",
                  "thu": "T",
                  "fri": "F",
                  "sat": "S"
                },
                "short": {
                  "sun": "ৰবি",
                  "mon": "সোম",
                  "tue": "মঙ্গল",
                  "wed": "বুধ",
                  "thu": "বৃহষ্পতি",
                  "fri": "শুক্ৰ",
                  "sat": "শনি"
                },
                "wide": {
                  "sun": "দেওবাৰ",
                  "mon": "সোমবাৰ",
                  "tue": "মঙ্গলবাৰ",
                  "wed": "বুধবাৰ",
                  "thu": "বৃহষ্পতিবাৰ",
                  "fri": "শুক্ৰবাৰ",
                  "sat": "শনিবাৰ"
                }
              },
              "stand-alone": {
                "abbreviated": {
                  "sun": "ৰবি",
                  "mon": "সোম",
                  "tue": "মঙ্গল",
                  "wed": "বুধ",
                  "thu": "বৃহষ্পতি",
                  "fri": "শুক্ৰ",
                  "sat": "শনি"
                },
                "narrow": {
                  "sun": "S",
                  "mon": "M",
                  "tue": "T",
                  "wed": "W",
                  "thu": "T",
                  "fri": "F",
                  "sat": "S"
                },
                "short": {
                  "sun": "ৰবি",
                  "mon": "সোম",
                  "tue": "মঙ্গল",
                  "wed": "বুধ",
                  "thu": "বৃহষ্পতি",
                  "fri": "শুক্ৰ",
                  "sat": "শনি"
                },
                "wide": {
                  "sun": "দেওবাৰ",
                  "mon": "সোমবাৰ",
                  "tue": "মঙ্গলবাৰ",
                  "wed": "বুধবাৰ",
                  "thu": "বৃহষ্পতিবাৰ",
                  "fri": "শুক্ৰবাৰ",
                  "sat": "শনিবাৰ"
                }
              }
            },
            "quarters": {
              "format": {
                "abbreviated": {
                  "1": "প্ৰথম প্ৰহৰ",
                  "2": "দ্বিতীয় প্ৰহৰ",
                  "3": "তৃতীয় প্ৰহৰ",
                  "4": "চতুৰ্থ প্ৰহৰ"
                },
                "narrow": {
                  "1": "1",
                  "2": "2",
                  "3": "3",
                  "4": "4"
                },
                "wide": {
                  "1": "প্ৰথম প্ৰহৰ",
                  "2": "দ্বিতীয় প্ৰহৰ",
                  "3": "তৃতীয় প্ৰহৰ",
                  "4": "চতুৰ্থ প্ৰহৰ"
                }
              },
              "stand-alone": {
                "abbreviated": {
                  "1": "প্ৰথম প্ৰহৰ",
                  "2": "দ্বিতীয় প্ৰহৰ",
                  "3": "তৃতীয় প্ৰহৰ",
                  "4": "চতুৰ্থ প্ৰহৰ"
                },
                "narrow": {
                  "1": "1",
                  "2": "2",
                  "3": "3",
                  "4": "4"
                },
                "wide": {
                  "1": "প্ৰথম প্ৰহৰ",
                  "2": "দ্বিতীয় প্ৰহৰ",
                  "3": "তৃতীয় প্ৰহৰ",
                  "4": "চতুৰ্থ প্ৰহৰ"
                }
              }
            },
            "dayPeriods": {
              "format": {
                "abbreviated": {
                  "am": "পূৰ্বাহ্ণ",
                  "noon": "noon",
                  "pm": "অপৰাহ্ণ"
                },
                "narrow": {
                  "am": "a",
                  "noon": "n",
                  "pm": "p"
                },
                "wide": {
                  "am": "পূৰ্বাহ্ণ",
                  "noon": "noon",
                  "pm": "অপৰাহ্ণ"
                }
              },
              "stand-alone": {
                "abbreviated": {
                  "am": "পূৰ্বাহ্ণ",
                  "noon": "noon",
                  "pm": "অপৰাহ্ণ"
                },
                "narrow": {
                  "am": "a",
                  "noon": "n",
                  "pm": "p"
                },
                "wide": {
                  "am": "পূৰ্বাহ্ণ",
                  "noon": "noon",
                  "pm": "অপৰাহ্ণ"
                }
              }
            },
            "eras": {
              "eraNames": {
                "0": "BCE",
                "0-alt-variant": "BCE",
                "1": "CE",
                "1-alt-variant": "CE"
              },
              "eraAbbr": {
                "0": "BCE",
                "0-alt-variant": "BCE",
                "1": "CE",
                "1-alt-variant": "CE"
              },
              "eraNarrow": {
                "0": "BCE",
                "0-alt-variant": "BCE",
                "1": "CE",
                "1-alt-variant": "CE"
              }
            },
            "dateFormats": {
              "full": "y MMMM d, EEEE",
              "long": "y MMMM d",
              "medium": "y MMM d",
              "short": "y-MM-dd"
            },
            "timeFormats": {
              "full": "HH:mm:ss zzzz",
              "long": "HH:mm:ss z",
              "medium": "HH:mm:ss",
              "short": "HH:mm"
            },
            "dateTimeFormats": {
              "full": "{1} {0}",
              "long": "{1} {0}",
              "medium": "{1} {0}",
              "short": "{1} {0}",
              "availableFormats": {
                "E": "ccc",
                "EHm": "E HH:mm",
                "EHms": "E HH:mm:ss",
                "Ed": "d, E",
                "Ehm": "E h:mm a",
                "Ehms": "E h:mm:ss a",
                "Gy": "G y",
                "GyMMM": "G y MMM",
                "GyMMMEd": "G y MMM d, E",
                "GyMMMd": "G y MMM d",
                "H": "HH",
                "Hm": "HH:mm",
                "Hms": "HH:mm:ss",
                "Hmsv": "HH:mm:ss v",
                "Hmv": "HH:mm v",
                "M": "L",
                "MEd": "MM-dd, E",
                "MMM": "LLL",
                "MMMEd": "MMM d, E",
                "MMMd": "MMM d",
                "Md": "MM-dd",
                "d": "d",
                "h": "h a",
                "hm": "h:mm a",
                "hms": "h:mm:ss a",
                "hmsv": "h:mm:ss a v",
                "hmv": "h:mm a v",
                "ms": "mm:ss",
                "y": "y",
                "yM": "y-MM",
                "yMEd": "y-MM-dd, E",
                "yMMM": "y MMM",
                "yMMMEd": "y MMM d, E",
                "yMMMd": "y MMM d",
                "yMd": "y-MM-dd",
                "yQQQ": "y QQQ",
                "yQQQQ": "y QQQQ"
              },
              "appendItems": {
                "Day": "{0} ({2}: {1})",
                "Day-Of-Week": "{0} {1}",
                "Era": "{1} {0}",
                "Hour": "{0} ({2}: {1})",
                "Minute": "{0} ({2}: {1})",
                "Month": "{0} ({2}: {1})",
                "Quarter": "{0} ({2}: {1})",
                "Second": "{0} ({2}: {1})",
                "Timezone": "{0} {1}",
                "Week": "{0} ({2}: {1})",
                "Year": "{1} {0}"
              },
              "intervalFormats": {
                "intervalFormatFallback": "{0} – {1}",
                "H": {
                  "H": "HH–HH"
                },
                "Hm": {
                  "H": "HH:mm–HH:mm",
                  "m": "HH:mm–HH:mm"
                },
                "Hmv": {
                  "H": "HH:mm–HH:mm v",
                  "m": "HH:mm–HH:mm v"
                },
                "Hv": {
                  "H": "HH–HH v"
                },
                "M": {
                  "M": "MM–MM"
                },
                "MEd": {
                  "M": "MM-dd, E – MM-dd, E",
                  "d": "MM-dd, E – MM-dd, E"
                },
                "MMM": {
                  "M": "LLL–LLL"
                },
                "MMMEd": {
                  "M": "MMM d, E – MMM d, E",
                  "d": "MMM d, E – MMM d, E"
                },
                "MMMd": {
                  "M": "MMM d – MMM d",
                  "d": "MMM d–d"
                },
                "Md": {
                  "M": "MM-dd – MM-dd",
                  "d": "MM-dd – MM-dd"
                },
                "d": {
                  "d": "d–d"
                },
                "h": {
                  "a": "h a – h a",
                  "h": "h–h a"
                },
                "hm": {
                  "a": "h:mm a – h:mm a",
                  "h": "h:mm–h:mm a",
                  "m": "h:mm–h:mm a"
                },
                "hmv": {
                  "a": "h:mm a – h:mm a v",
                  "h": "h:mm–h:mm a v",
                  "m": "h:mm–h:mm a v"
                },
                "hv": {
                  "a": "h a – h a v",
                  "h": "h–h a v"
                },
                "y": {
                  "y": "y–y"
                },
                "yM": {
                  "M": "y-MM – y-MM",
                  "y": "y-MM – y-MM"
                },
                "yMEd": {
                  "M": "y-MM-dd, E – y-MM-dd, E",
                  "d": "y-MM-dd, E – y-MM-dd, E",
                  "y": "y-MM-dd, E – y-MM-dd, E"
                },
                "yMMM": {
                  "M": "y MMM–MMM",
                  "y": "y MMM – y MMM"
                },
                "yMMMEd": {
                  "M": "y MMM d, E – MMM d, E",
                  "d": "y MMM d, E – MMM d, E",
                  "y": "y MMM d, E – y MMM d, E"
                },
                "yMMMM": {
                  "M": "y MMMM–MMMM",
                  "y": "y MMMM – y MMMM"
                },
                "yMMMd": {
                  "M": "y MMM d – MMM d",
                  "d": "y MMM d–d",
                  "y": "y MMM d – y MMM d"
                },
                "yMd": {
                  "M": "y-MM-dd – y-MM-dd",
                  "d": "y-MM-dd – y-MM-dd",
                  "y": "y-MM-dd – y-MM-dd"
                }
              }
            }
          }
        }
      }
    }
  }
}
