{
  "main": {
    "be": {
      "identity": {
        "version": {
          "_cldrVersion": "27.0.1",
          "_number": "$Revision: 11093 $"
        },
        "generation": {
          "_date": "$Date: 2015-01-02 21:36:02 -0600 (Fri, 02 Jan 2015) $"
        },
        "language": "be"
      },
      "dates": {
        "calendars": {
          "generic": {
            "months": {
              "format": {
                "abbreviated": {
                  "1": "M01",
                  "2": "M02",
                  "3": "M03",
                  "4": "M04",
                  "5": "M05",
                  "6": "M06",
                  "7": "M07",
                  "8": "M08",
                  "9": "M09",
                  "10": "M10",
                  "11": "M11",
                  "12": "M12"
                },
                "narrow": {
                  "1": "1",
                  "2": "2",
                  "3": "3",
                  "4": "4",
                  "5": "5",
                  "6": "6",
                  "7": "7",
                  "8": "8",
                  "9": "9",
                  "10": "10",
                  "11": "11",
                  "12": "12"
                },
                "wide": {
                  "1": "M01",
                  "2": "M02",
                  "3": "M03",
                  "4": "M04",
                  "5": "M05",
                  "6": "M06",
                  "7": "M07",
                  "8": "M08",
                  "9": "M09",
                  "10": "M10",
                  "11": "M11",
                  "12": "M12"
                }
              },
              "stand-alone": {
                "abbreviated": {
                  "1": "M01",
                  "2": "M02",
                  "3": "M03",
                  "4": "M04",
                  "5": "M05",
                  "6": "M06",
                  "7": "M07",
                  "8": "M08",
                  "9": "M09",
                  "10": "M10",
                  "11": "M11",
                  "12": "M12"
                },
                "narrow": {
                  "1": "1",
                  "2": "2",
                  "3": "3",
                  "4": "4",
                  "5": "5",
                  "6": "6",
                  "7": "7",
                  "8": "8",
                  "9": "9",
                  "10": "10",
                  "11": "11",
                  "12": "12"
                },
                "wide": {
                  "1": "M01",
                  "2": "M02",
                  "3": "M03",
                  "4": "M04",
                  "5": "M05",
                  "6": "M06",
                  "7": "M07",
                  "8": "M08",
                  "9": "M09",
                  "10": "M10",
                  "11": "M11",
                  "12": "M12"
                }
              }
            },
            "days": {
              "format": {
                "abbreviated": {
                  "sun": "нд",
                  "mon": "пн",
                  "tue": "аў",
                  "wed": "ср",
                  "thu": "чц",
                  "fri": "пт",
                  "sat": "сб"
                },
                "narrow": {
                  "sun": "н",
                  "mon": "п",
                  "tue": "а",
                  "wed": "с",
                  "thu": "ч",
                  "fri": "п",
                  "sat": "с"
                },
                "short": {
                  "sun": "нд",
                  "mon": "пн",
                  "tue": "аў",
                  "wed": "ср",
                  "thu": "чц",
                  "fri": "пт",
                  "sat": "сб"
                },
                "wide": {
                  "sun": "нядзеля",
                  "mon": "панядзелак",
                  "tue": "аўторак",
                  "wed": "серада",
                  "thu": "чацвер",
                  "fri": "пятніца",
                  "sat": "субота"
                }
              },
              "stand-alone": {
                "abbreviated": {
                  "sun": "нд",
                  "mon": "пн",
                  "tue": "аў",
                  "wed": "ср",
                  "thu": "чц",
                  "fri": "пт",
                  "sat": "сб"
                },
                "narrow": {
                  "sun": "н",
                  "mon": "п",
                  "tue": "а",
                  "wed": "с",
                  "thu": "ч",
                  "fri": "п",
                  "sat": "с"
                },
                "short": {
                  "sun": "нд",
                  "mon": "пн",
                  "tue": "аў",
                  "wed": "ср",
                  "thu": "чц",
                  "fri": "пт",
                  "sat": "сб"
                },
                "wide": {
                  "sun": "нядзеля",
                  "mon": "панядзелак",
                  "tue": "аўторак",
                  "wed": "серада",
                  "thu": "чацвер",
                  "fri": "пятніца",
                  "sat": "субота"
                }
              }
            },
            "quarters": {
              "format": {
                "abbreviated": {
                  "1": "1-шы кв.",
                  "2": "2-гі кв.",
                  "3": "3-ці кв.",
                  "4": "4-ты кв."
                },
                "narrow": {
                  "1": "1",
                  "2": "2",
                  "3": "3",
                  "4": "4"
                },
                "wide": {
                  "1": "1-шы квартал",
                  "2": "2-гі квартал",
                  "3": "3-ці квартал",
                  "4": "4-ты квартал"
                }
              },
              "stand-alone": {
                "abbreviated": {
                  "1": "1-шы кв.",
                  "2": "2-гі кв.",
                  "3": "3-ці кв.",
                  "4": "4-ты кв."
                },
                "narrow": {
                  "1": "1",
                  "2": "2",
                  "3": "3",
                  "4": "4"
                },
                "wide": {
                  "1": "1-шы квартал",
                  "2": "2-гі квартал",
                  "3": "3-ці квартал",
                  "4": "4-ты квартал"
                }
              }
            },
            "dayPeriods": {
              "format": {
                "abbreviated": {
                  "am": "да палудня",
                  "noon": "noon",
                  "pm": "пасля палудня"
                },
                "narrow": {
                  "am": "a",
                  "noon": "n",
                  "pm": "p"
                },
                "wide": {
                  "am": "да палудня",
                  "noon": "noon",
                  "pm": "пасля палудня"
                }
              },
              "stand-alone": {
                "abbreviated": {
                  "am": "раніцы",
                  "noon": "noon",
                  "pm": "вечара"
                },
                "narrow": {
                  "am": "a",
                  "noon": "n",
                  "pm": "p"
                },
                "wide": {
                  "am": "да палудня",
                  "noon": "noon",
                  "pm": "пасля палудня"
                }
              }
            },
            "eras": {
              "eraNames": {
                "0": "ERA0",
                "1": "ERA1"
              },
              "eraAbbr": {
                "0": "ERA0",
                "1": "ERA1"
              },
              "eraNarrow": {
                "0": "ERA0",
                "1": "ERA1"
              }
            },
            "dateFormats": {
              "full": "EEEE, d MMMM y G",
              "long": "d MMMM y G",
              "medium": "d.M.y G",
              "short": "d.M.y GGGGG"
            },
            "timeFormats": {
              "full": "HH.mm.ss zzzz",
              "long": "HH.mm.ss z",
              "medium": "HH.mm.ss",
              "short": "HH.mm"
            },
            "dateTimeFormats": {
              "full": "{1} {0}",
              "long": "{1} {0}",
              "medium": "{1} {0}",
              "short": "{1} {0}",
              "availableFormats": {
                "E": "ccc",
                "EHm": "E HH:mm",
                "EHms": "E HH:mm:ss",
                "Ed": "E, d",
                "Ehm": "E h:mm a",
                "Ehms": "E h:mm:ss a",
                "Gy": "y G",
                "GyMMM": "LLL y G",
                "GyMMMEd": "E, d MMM y G",
                "GyMMMd": "d MMM y G",
                "H": "HH",
                "Hm": "HH.mm",
                "Hms": "HH.mm.ss",
                "M": "L",
                "MEd": "E, d.M",
                "MMM": "LLL",
                "MMMEd": "E, d MMM",
                "MMMd": "d MMM",
                "Md": "d.M",
                "d": "d",
                "h": "h a",
                "hm": "h.mm a",
                "hms": "h.mm.ss a",
                "ms": "mm.ss",
                "y": "y G",
                "yyyy": "y G",
                "yyyyM": "M.y G",
                "yyyyMEd": "E, d.M.y G",
                "yyyyMMM": "LLL y G",
                "yyyyMMMEd": "E, d MMM y G",
                "yyyyMMMM": "LLLL y G",
                "yyyyMMMd": "d MMM y G",
                "yyyyMd": "d.M.y G",
                "yyyyQQQ": "QQQ y G",
                "yyyyQQQQ": "QQQQ y G"
              },
              "appendItems": {
                "Day": "{0} ({2}: {1})",
                "Day-Of-Week": "{0} {1}",
                "Era": "{1} {0}",
                "Hour": "{0} ({2}: {1})",
                "Minute": "{0} ({2}: {1})",
                "Month": "{0} ({2}: {1})",
                "Quarter": "{0} ({2}: {1})",
                "Second": "{0} ({2}: {1})",
                "Timezone": "{0} {1}",
                "Week": "{0} ({2}: {1})",
                "Year": "{1} {0}"
              },
              "intervalFormats": {
                "intervalFormatFallback": "{0} – {1}",
                "H": {
                  "H": "HH–HH"
                },
                "Hm": {
                  "H": "HH:mm–HH:mm",
                  "m": "HH:mm–HH:mm"
                },
                "Hmv": {
                  "H": "HH:mm–HH:mm v",
                  "m": "HH:mm–HH:mm v"
                },
                "Hv": {
                  "H": "HH–HH v"
                },
                "M": {
                  "M": "MM–MM"
                },
                "MEd": {
                  "M": "MM-dd, E – MM-dd, E",
                  "d": "MM-dd, E – MM-dd, E"
                },
                "MMM": {
                  "M": "LLL–LLL"
                },
                "MMMEd": {
                  "M": "MMM d, E – MMM d, E",
                  "d": "MMM d, E – MMM d, E"
                },
                "MMMd": {
                  "M": "MMM d – MMM d",
                  "d": "MMM d–d"
                },
                "Md": {
                  "M": "MM-dd – MM-dd",
                  "d": "MM-dd – MM-dd"
                },
                "d": {
                  "d": "d–d"
                },
                "h": {
                  "a": "h a – h a",
                  "h": "h–h a"
                },
                "hm": {
                  "a": "h:mm a – h:mm a",
                  "h": "h:mm–h:mm a",
                  "m": "h:mm–h:mm a"
                },
                "hmv": {
                  "a": "h:mm a – h:mm a v",
                  "h": "h:mm–h:mm a v",
                  "m": "h:mm–h:mm a v"
                },
                "hv": {
                  "a": "h a – h a v",
                  "h": "h–h a v"
                },
                "y": {
                  "y": "G y–y"
                },
                "yM": {
                  "M": "GGGGG y-MM – y-MM",
                  "y": "GGGGG y-MM – y-MM"
                },
                "yMEd": {
                  "M": "GGGGG y-MM-dd, E – y-MM-dd, E",
                  "d": "GGGGG y-MM-dd, E – y-MM-dd, E",
                  "y": "GGGGG y-MM-dd, E – y-MM-dd, E"
                },
                "yMMM": {
                  "M": "LLL–LLL y G",
                  "y": "LLL y – LLL y G"
                },
                "yMMMEd": {
                  "M": "G y MMM d, E – MMM d, E",
                  "d": "G y MMM d, E – MMM d, E",
                  "y": "G y MMM d, E – y MMM d, E"
                },
                "yMMMM": {
                  "M": "LLLL–LLLL y G",
                  "y": "LLLL y – LLLL y G"
                },
                "yMMMd": {
                  "M": "G y MMM d – MMM d",
                  "d": "G y MMM d–d",
                  "y": "G y MMM d – y MMM d"
                },
                "yMd": {
                  "M": "GGGGG y-MM-dd – y-MM-dd",
                  "d": "GGGGG y-MM-dd – y-MM-dd",
                  "y": "GGGGG y-MM-dd – y-MM-dd"
                }
              }
            }
          }
        }
      }
    }
  }
}
