{
  "main": {
    "be": {
      "identity": {
        "version": {
          "_cldrVersion": "27.0.1",
          "_number": "$Revision: 11093 $"
        },
        "generation": {
          "_date": "$Date: 2015-01-02 21:36:02 -0600 (Fri, 02 Jan 2015) $"
        },
        "language": "be"
      },
      "dates": {
        "fields": {
          "era": {
            "displayName": "эра"
          },
          "year": {
            "displayName": "год",
            "relative-type--1": "last year",
            "relative-type-0": "this year",
            "relative-type-1": "next year",
            "relativeTime-type-future": {
              "relativeTimePattern-count-other": "+{0} y"
            },
            "relativeTime-type-past": {
              "relativeTimePattern-count-other": "-{0} y"
            }
          },
          "year-short": {
            "displayName": "год",
            "relative-type--1": "last year",
            "relative-type-0": "this year",
            "relative-type-1": "next year",
            "relativeTime-type-future": {
              "relativeTimePattern-count-other": "+{0} y"
            },
            "relativeTime-type-past": {
              "relativeTimePattern-count-other": "-{0} y"
            }
          },
          "year-narrow": {
            "displayName": "год",
            "relative-type--1": "last year",
            "relative-type-0": "this year",
            "relative-type-1": "next year",
            "relativeTime-type-future": {
              "relativeTimePattern-count-other": "+{0} y"
            },
            "relativeTime-type-past": {
              "relativeTimePattern-count-other": "-{0} y"
            }
          },
          "quarter": {
            "displayName": "Quarter",
            "relative-type--1": "last quarter",
            "relative-type-0": "this quarter",
            "relative-type-1": "next quarter",
            "relativeTime-type-future": {
              "relativeTimePattern-count-other": "+{0} Q"
            },
            "relativeTime-type-past": {
              "relativeTimePattern-count-other": "-{0} Q"
            }
          },
          "quarter-short": {
            "displayName": "Quarter",
            "relative-type--1": "last quarter",
            "relative-type-0": "this quarter",
            "relative-type-1": "next quarter",
            "relativeTime-type-future": {
              "relativeTimePattern-count-other": "+{0} Q"
            },
            "relativeTime-type-past": {
              "relativeTimePattern-count-other": "-{0} Q"
            }
          },
          "quarter-narrow": {
            "displayName": "Quarter",
            "relative-type--1": "last quarter",
            "relative-type-0": "this quarter",
            "relative-type-1": "next quarter",
            "relativeTime-type-future": {
              "relativeTimePattern-count-other": "+{0} Q"
            },
            "relativeTime-type-past": {
              "relativeTimePattern-count-other": "-{0} Q"
            }
          },
          "month": {
            "displayName": "месяц",
            "relative-type--1": "last month",
            "relative-type-0": "this month",
            "relative-type-1": "next month",
            "relativeTime-type-future": {
              "relativeTimePattern-count-other": "+{0} m"
            },
            "relativeTime-type-past": {
              "relativeTimePattern-count-other": "-{0} m"
            }
          },
          "month-short": {
            "displayName": "месяц",
            "relative-type--1": "last month",
            "relative-type-0": "this month",
            "relative-type-1": "next month",
            "relativeTime-type-future": {
              "relativeTimePattern-count-other": "+{0} m"
            },
            "relativeTime-type-past": {
              "relativeTimePattern-count-other": "-{0} m"
            }
          },
          "month-narrow": {
            "displayName": "месяц",
            "relative-type--1": "last month",
            "relative-type-0": "this month",
            "relative-type-1": "next month",
            "relativeTime-type-future": {
              "relativeTimePattern-count-other": "+{0} m"
            },
            "relativeTime-type-past": {
              "relativeTimePattern-count-other": "-{0} m"
            }
          },
          "week": {
            "displayName": "тыдзень",
            "relative-type--1": "last week",
            "relative-type-0": "this week",
            "relative-type-1": "next week",
            "relativeTime-type-future": {
              "relativeTimePattern-count-other": "+{0} w"
            },
            "relativeTime-type-past": {
              "relativeTimePattern-count-other": "-{0} w"
            }
          },
          "week-short": {
            "displayName": "тыдзень",
            "relative-type--1": "last week",
            "relative-type-0": "this week",
            "relative-type-1": "next week",
            "relativeTime-type-future": {
              "relativeTimePattern-count-other": "+{0} w"
            },
            "relativeTime-type-past": {
              "relativeTimePattern-count-other": "-{0} w"
            }
          },
          "week-narrow": {
            "displayName": "тыдзень",
            "relative-type--1": "last week",
            "relative-type-0": "this week",
            "relative-type-1": "next week",
            "relativeTime-type-future": {
              "relativeTimePattern-count-other": "+{0} w"
            },
            "relativeTime-type-past": {
              "relativeTimePattern-count-other": "-{0} w"
            }
          },
          "day": {
            "displayName": "дзень",
            "relative-type--1": "учора",
            "relative-type--2": "пазаўчора",
            "relative-type-0": "сёння",
            "relative-type-1": "заўтра",
            "relative-type-2": "паслязаўтра",
            "relativeTime-type-future": {
              "relativeTimePattern-count-other": "+{0} d"
            },
            "relativeTime-type-past": {
              "relativeTimePattern-count-other": "-{0} d"
            }
          },
          "day-short": {
            "displayName": "дзень",
            "relative-type--1": "учора",
            "relative-type--2": "пазаўчора",
            "relative-type-0": "сёння",
            "relative-type-1": "заўтра",
            "relative-type-2": "паслязаўтра",
            "relativeTime-type-future": {
              "relativeTimePattern-count-other": "+{0} d"
            },
            "relativeTime-type-past": {
              "relativeTimePattern-count-other": "-{0} d"
            }
          },
          "day-narrow": {
            "displayName": "дзень",
            "relative-type--1": "учора",
            "relative-type--2": "пазаўчора",
            "relative-type-0": "сёння",
            "relative-type-1": "заўтра",
            "relative-type-2": "паслязаўтра",
            "relativeTime-type-future": {
              "relativeTimePattern-count-other": "+{0} d"
            },
            "relativeTime-type-past": {
              "relativeTimePattern-count-other": "-{0} d"
            }
          },
          "weekday": {
            "displayName": "дзень тыдня"
          },
          "sun": {
            "relative-type--1": "last Sunday",
            "relative-type-0": "this Sunday",
            "relative-type-1": "next Sunday"
          },
          "sun-short": {
            "relative-type--1": "last Sunday",
            "relative-type-0": "this Sunday",
            "relative-type-1": "next Sunday"
          },
          "sun-narrow": {
            "relative-type--1": "last Sunday",
            "relative-type-0": "this Sunday",
            "relative-type-1": "next Sunday"
          },
          "mon": {
            "relative-type--1": "last Monday",
            "relative-type-0": "this Monday",
            "relative-type-1": "next Monday"
          },
          "mon-short": {
            "relative-type--1": "last Monday",
            "relative-type-0": "this Monday",
            "relative-type-1": "next Monday"
          },
          "mon-narrow": {
            "relative-type--1": "last Monday",
            "relative-type-0": "this Monday",
            "relative-type-1": "next Monday"
          },
          "tue": {
            "relative-type--1": "last Tuesday",
            "relative-type-0": "this Tuesday",
            "relative-type-1": "next Tuesday"
          },
          "tue-short": {
            "relative-type--1": "last Tuesday",
            "relative-type-0": "this Tuesday",
            "relative-type-1": "next Tuesday"
          },
          "tue-narrow": {
            "relative-type--1": "last Tuesday",
            "relative-type-0": "this Tuesday",
            "relative-type-1": "next Tuesday"
          },
          "wed": {
            "relative-type--1": "last Wednesday",
            "relative-type-0": "this Wednesday",
            "relative-type-1": "next Wednesday"
          },
          "wed-short": {
            "relative-type--1": "last Wednesday",
            "relative-type-0": "this Wednesday",
            "relative-type-1": "next Wednesday"
          },
          "wed-narrow": {
            "relative-type--1": "last Wednesday",
            "relative-type-0": "this Wednesday",
            "relative-type-1": "next Wednesday"
          },
          "thu": {
            "relative-type--1": "last Thursday",
            "relative-type-0": "this Thursday",
            "relative-type-1": "next Thursday"
          },
          "thu-short": {
            "relative-type--1": "last Thursday",
            "relative-type-0": "this Thursday",
            "relative-type-1": "next Thursday"
          },
          "thu-narrow": {
            "relative-type--1": "last Thursday",
            "relative-type-0": "this Thursday",
            "relative-type-1": "next Thursday"
          },
          "fri": {
            "relative-type--1": "last Friday",
            "relative-type-0": "this Friday",
            "relative-type-1": "next Friday"
          },
          "fri-short": {
            "relative-type--1": "last Friday",
            "relative-type-0": "this Friday",
            "relative-type-1": "next Friday"
          },
          "fri-narrow": {
            "relative-type--1": "last Friday",
            "relative-type-0": "this Friday",
            "relative-type-1": "next Friday"
          },
          "sat": {
            "relative-type--1": "last Saturday",
            "relative-type-0": "this Saturday",
            "relative-type-1": "next Saturday"
          },
          "sat-short": {
            "relative-type--1": "last Saturday",
            "relative-type-0": "this Saturday",
            "relative-type-1": "next Saturday"
          },
          "sat-narrow": {
            "relative-type--1": "last Saturday",
            "relative-type-0": "this Saturday",
            "relative-type-1": "next Saturday"
          },
          "dayperiod": {
            "displayName": "ДП/ПП"
          },
          "hour": {
            "displayName": "гадзіна",
            "relativeTime-type-future": {
              "relativeTimePattern-count-other": "+{0} h"
            },
            "relativeTime-type-past": {
              "relativeTimePattern-count-other": "-{0} h"
            }
          },
          "hour-short": {
            "displayName": "гадзіна",
            "relativeTime-type-future": {
              "relativeTimePattern-count-other": "+{0} h"
            },
            "relativeTime-type-past": {
              "relativeTimePattern-count-other": "-{0} h"
            }
          },
          "hour-narrow": {
            "displayName": "гадзіна",
            "relativeTime-type-future": {
              "relativeTimePattern-count-other": "+{0} h"
            },
            "relativeTime-type-past": {
              "relativeTimePattern-count-other": "-{0} h"
            }
          },
          "minute": {
            "displayName": "хвіліна",
            "relativeTime-type-future": {
              "relativeTimePattern-count-other": "+{0} min"
            },
            "relativeTime-type-past": {
              "relativeTimePattern-count-other": "-{0} min"
            }
          },
          "minute-short": {
            "displayName": "хвіліна",
            "relativeTime-type-future": {
              "relativeTimePattern-count-other": "+{0} min"
            },
            "relativeTime-type-past": {
              "relativeTimePattern-count-other": "-{0} min"
            }
          },
          "minute-narrow": {
            "displayName": "хвіліна",
            "relativeTime-type-future": {
              "relativeTimePattern-count-other": "+{0} min"
            },
            "relativeTime-type-past": {
              "relativeTimePattern-count-other": "-{0} min"
            }
          },
          "second": {
            "displayName": "секунда",
            "relative-type-0": "now",
            "relativeTime-type-future": {
              "relativeTimePattern-count-other": "+{0} s"
            },
            "relativeTime-type-past": {
              "relativeTimePattern-count-other": "-{0} s"
            }
          },
          "second-short": {
            "displayName": "секунда",
            "relative-type-0": "now",
            "relativeTime-type-future": {
              "relativeTimePattern-count-other": "+{0} s"
            },
            "relativeTime-type-past": {
              "relativeTimePattern-count-other": "-{0} s"
            }
          },
          "second-narrow": {
            "displayName": "секунда",
            "relative-type-0": "now",
            "relativeTime-type-future": {
              "relativeTimePattern-count-other": "+{0} s"
            },
            "relativeTime-type-past": {
              "relativeTimePattern-count-other": "-{0} s"
            }
          },
          "zone": {
            "displayName": "Zone"
          }
        }
      }
    }
  }
}
