{
  "main": {
    "bas": {
      "identity": {
        "version": {
          "_cldrVersion": "27.0.1",
          "_number": "$Revision: 10669 $"
        },
        "generation": {
          "_date": "$Date: 2014-07-23 16:10:33 -0500 (Wed, 23 Jul 2014) $"
        },
        "language": "bas"
      },
      "localeDisplayNames": {
        "territories": {
          "001": "001",
          "002": "002",
          "003": "003",
          "005": "005",
          "009": "009",
          "011": "011",
          "013": "013",
          "014": "014",
          "015": "015",
          "017": "017",
          "018": "018",
          "019": "019",
          "021": "021",
          "029": "029",
          "030": "030",
          "034": "034",
          "035": "035",
          "039": "039",
          "053": "053",
          "054": "054",
          "057": "057",
          "061": "061",
          "142": "142",
          "143": "143",
          "145": "145",
          "150": "150",
          "151": "151",
          "154": "154",
          "155": "155",
          "419": "419",
          "AC": "AC",
          "AD": "Àŋdɔ̂r",
          "AE": "Àdnà i Bilɔ̀ŋ bi Arābìà",
          "AF": "Àfgànìstâŋ",
          "AG": "Àŋtigà ɓɔ Bàrbudà",
          "AI": "Àŋgiyà",
          "AL": "Àlbanìà",
          "AM": "Àrmenìà",
          "AN": "Àŋtîy ǹlɛ̀ndi",
          "AO": "Àŋgolà",
          "AQ": "AQ",
          "AR": "Àrgàŋtinà",
          "AS": "AS",
          "AT": "Òstrǐk",
          "AU": "Òstralìà",
          "AW": "Àrubà",
          "AX": "AX",
          "AZ": "Àzɛ̀rbajàŋ",
          "BA": "Bòhnià Ɛrzègòvinà",
          "BB": "Bàrbadò",
          "BD": "Bàŋglàdɛ̂s",
          "BE": "Bɛlgyùm",
          "BF": "Bùrkìnà Fasò",
          "BG": "Bùlgarìà",
          "BH": "Bàraìn",
          "BI": "Bùrundì",
          "BJ": "Bènɛ̂ŋ",
          "BL": "BL",
          "BM": "Bɛ̀rmudà",
          "BN": "Brunei",
          "BO": "Bòlivìà",
          "BQ": "BQ",
          "BR": "Bràsîl",
          "BS": "Bàhamàs",
          "BT": "Bùtân",
          "BV": "BV",
          "BW": "Bòdsùanà",
          "BY": "Bèlarùs",
          "BZ": "Bèlîs",
          "CA": "Kànadà",
          "CC": "CC",
          "CD": "Kòŋgo ìkɛŋi",
          "CD-alt-variant": "CD",
          "CF": "Ŋ̀ɛm Afrīkà",
          "CG": "Kòŋgo",
          "CG-alt-variant": "CG",
          "CH": "Sùwîs",
          "CI": "Màŋ mi Njɔ̂k",
          "CI-alt-variant": "CI",
          "CK": "Bìòn bi Kook",
          "CL": "Kìlî",
          "CM": "Kàmɛ̀rûn",
          "CN": "Kinà",
          "CO": "Kɔ̀lɔmbìà",
          "CP": "CP",
          "CR": "Kòstà Rikà",
          "CU": "Kubà",
          "CV": "Kabwɛ᷆r",
          "CW": "CW",
          "CX": "CX",
          "CY": "Kiprò",
          "CZ": "CZ",
          "DE": "Jamân",
          "DG": "DG",
          "DJ": "Jìbutì",
          "DK": "Dànmârk",
          "DM": "Dòmnîk",
          "DO": "Dòmnikà",
          "DZ": "Àlgerìà",
          "EA": "EA",
          "EC": "Èkwàtorìà",
          "EE": "Èstonìà",
          "EG": "Ègîptò",
          "EH": "EH",
          "ER": "Èrìtrěà",
          "ES": "Pànya",
          "ET": "Ètìopìà",
          "EU": "EU",
          "FI": "Fìnlând",
          "FJ": "Fiji",
          "FK": "Bìòn bi Falkland",
          "FK-alt-variant": "FK",
          "FM": "Mìkrònesìà",
          "FO": "FO",
          "FR": "Pùlàsi / Fɛ̀lɛ̀nsi /",
          "GA": "Gàbɔ̂ŋ",
          "GB": "Àdnà i Lɔ̂ŋ",
          "GB-alt-short": "GB",
          "GD": "Grènadà",
          "GE": "Gèɔrgìà",
          "GF": "Gùyanà Pùlàsi",
          "GG": "GG",
          "GH": "Ganà",
          "GI": "Gìlbràtâr",
          "GL": "Grǐnlànd",
          "GM": "Gàmbià",
          "GN": "Gìnê",
          "GP": "Gwàdèlûp",
          "GQ": "Gìne Èkwàtorìà",
          "GR": "Grǐkyà",
          "GS": "GS",
          "GT": "Gwàtèmalà",
          "GU": "Gùâm",
          "GW": "Gìne Bìsàô",
          "GY": "Gùyanà",
          "HK": "HK",
          "HK-alt-short": "HK",
          "HM": "HM",
          "HN": "Ɔ̀ŋduràs",
          "HR": "Kròasìà",
          "HT": "Àitì",
          "HU": "Ɔ̀ŋgriì",
          "IC": "IC",
          "ID": "Indònèsià",
          "IE": "Ìrlând",
          "IL": "Isràɛ̂l",
          "IM": "IM",
          "IN": "Indìà",
          "IO": "Bìtèk bi Ŋgisì i Tūyɛ Īndìà",
          "IQ": "Ìrâk",
          "IR": "Ìrâŋ",
          "IS": "Ìslandìà",
          "IT": "Ìtalìà",
          "JE": "JE",
          "JM": "Jàmàikà",
          "JO": "Yɔ̀rdanià",
          "JP": "JP",
          "KE": "Kenìà",
          "KG": "Kìrgìzìstàŋ",
          "KH": "Kàmbodìà",
          "KI": "Kìrìbatì",
          "KM": "Kɔ̀mɔ̂r",
          "KN": "Nûmpubi Kîts nì Nevìs",
          "KP": "Kɔ̀re ì Ŋ̀ɔmbɔk",
          "KR": "Kɔ̀re ì Ŋ̀wɛ̀lmbɔk",
          "KW": "Kòwêt",
          "KY": "Bìòn bi Kaymàn",
          "KZ": "Kàzàkstâŋ",
          "LA": "Làôs",
          "LB": "Lèbanòn",
          "LC": "Nûmpubi Lusì",
          "LI": "Ligstɛntàn",
          "LK": "Srìlaŋkà",
          "LR": "Lìberìà",
          "LS": "Lesòtò",
          "LT": "Lìtùanìà",
          "LU": "Lùgsàmbûr",
          "LV": "Làdvià",
          "LY": "Libìà",
          "MA": "Màrokò",
          "MC": "Mònakò",
          "MD": "Moldavìà",
          "ME": "ME",
          "MF": "MF",
          "MG": "Màdàgàskâr",
          "MH": "Bìòn bi Marcàl",
          "MK": "Màsèdonìà",
          "MK-alt-variant": "MK",
          "ML": "Màli",
          "MM": "Myànmâr",
          "MN": "Mòŋgolìà",
          "MO": "MO",
          "MO-alt-short": "MO",
          "MP": "Bìòn bi Marìanà ŋ̀ɔmbɔk",
          "MQ": "Màrtìnîk",
          "MR": "Mòrìtanìà",
          "MS": "Mɔ̀ŋseràt",
          "MT": "Maltà",
          "MU": "Mòrîs",
          "MV": "Màldîf",
          "MW": "Màlàwi",
          "MX": "Mɛ̀gsîk",
          "MY": "Màlɛ̀sìà",
          "MZ": "Mòsàmbîk",
          "NA": "Nàmibìà",
          "NC": "Kàlèdonìà Yɔ̀ndɔ",
          "NE": "Nìjɛ̂r",
          "NF": "Òn i Nɔrfɔ̂k",
          "NG": "Nìgerìà",
          "NI": "Nìkàragwà",
          "NL": "Ǹlɛndi",
          "NO": "Nɔ̀rvegìà",
          "NP": "Nèpâl",
          "NR": "Nerù",
          "NU": "Nìuɛ̀",
          "NZ": "Sìlând Yɔ̀ndɔ",
          "OM": "Òmân",
          "PA": "Pànàma",
          "PE": "Pèrû",
          "PF": "Pòlìnesìà Pùlàsi",
          "PG": "Gìne ì Pàpu",
          "PH": "Fìlìpîn",
          "PK": "Pàkìstân",
          "PL": "Pòlànd",
          "PM": "Nûmpubi Petrò nì Mikèlôn",
          "PN": "Pìdkaìrn",
          "PR": "Pɔ̀rtò Rikò",
          "PS": "Pàlɛ̀htinà Hyɔ̀ŋg nì Gazà",
          "PS-alt-short": "PS",
          "PT": "Pɔ̀tɔkì",
          "PW": "Pàlaù",
          "PY": "Pàràgwê",
          "QA": "Kàtâr",
          "QO": "QO",
          "RE": "Rèunyɔ̂ŋ",
          "RO": "Rùmanìà",
          "RS": "RS",
          "RU": "Ruslànd",
          "RW": "Rùandà",
          "SA": "Sàudi Àrabìà",
          "SB": "Bìòn bi Salōmò",
          "SC": "Sèsɛ̂l",
          "SD": "Sùdâŋ",
          "SE": "Swedɛ̀n",
          "SG": "Sìŋgàpûr",
          "SH": "Nûmpubi Ɛlēnà",
          "SI": "Slòvanìà",
          "SJ": "SJ",
          "SK": "Slòvakìà",
          "SL": "Sièra Lèɔ̂n",
          "SM": "Nûmpubi Māatìn",
          "SN": "Sènègâl",
          "SO": "Sòmalìà",
          "SR": "Sùrinâm",
          "SS": "SS",
          "ST": "Sào Tòme ɓɔ Prɛ̀ŋcipè",
          "SV": "Sàlvàdɔ̂r",
          "SX": "SX",
          "SY": "Sirìà",
          "SZ": "Swàzìlând",
          "TA": "TA",
          "TC": "Bìòn bi Tûrks nì Kalkòs",
          "TD": "Câd",
          "TF": "TF",
          "TG": "Tògo",
          "TH": "Taylànd",
          "TJ": "Tàjìkìstaŋ",
          "TK": "Tòkèlaò",
          "TL": "Tìmɔ̂r lìkòl",
          "TL-alt-variant": "TL",
          "TM": "Tùrgmènìstân",
          "TN": "Tùnisìà",
          "TO": "Tɔŋgà",
          "TR": "Tùrkây",
          "TT": "Trìnidàd ɓɔ Tòbagò",
          "TV": "Tùvàlù",
          "TW": "Tàywân",
          "TZ": "Tànzànià",
          "UA": "Ùkrɛ̌n",
          "UG": "Ùgandà",
          "UM": "UM",
          "US": "Àdnà i Bilɔ̀ŋ bi Amerkà",
          "US-alt-short": "US",
          "UY": "Ùrùgwêy",
          "UZ": "Ùzbèkìstân",
          "VA": "Vàtìkâŋ",
          "VC": "Nûmpubi Vɛ̂ŋsâŋ nì grènàdîn",
          "VE": "Vènèzùelà",
          "VG": "Bìòn bi kɔnji bi Ŋgisì",
          "VI": "Bìòn bi kɔnji bi U.S.",
          "VN": "Vìɛ̀dnâm",
          "VU": "Vànùatù",
          "WF": "Wàlîs nì Fùtunà",
          "WS": "Sàmoà",
          "XK": "XK",
          "YE": "Yèmɛ̂n",
          "YT": "Màyɔ̂t",
          "ZA": "Àfrǐkà Sɔ̀",
          "ZM": "Zàmbià",
          "ZW": "Zìmbàbwê",
          "ZZ": "ZZ"
        }
      }
    }
  }
}
