{
  "main": {
    "ast": {
      "identity": {
        "version": {
          "_cldrVersion": "27.0.1",
          "_number": "$Revision: 11294 $"
        },
        "generation": {
          "_date": "$Date: 2015-02-23 16:50:24 -0600 (Mon, 23 Feb 2015) $"
        },
        "language": "ast"
      },
      "dates": {
        "calendars": {
          "generic": {
            "months": {
              "format": {
                "abbreviated": {
                  "1": "M01",
                  "2": "M02",
                  "3": "M03",
                  "4": "M04",
                  "5": "M05",
                  "6": "M06",
                  "7": "M07",
                  "8": "M08",
                  "9": "M09",
                  "10": "M10",
                  "11": "M11",
                  "12": "M12"
                },
                "narrow": {
                  "1": "1",
                  "2": "2",
                  "3": "3",
                  "4": "4",
                  "5": "5",
                  "6": "6",
                  "7": "7",
                  "8": "8",
                  "9": "9",
                  "10": "10",
                  "11": "11",
                  "12": "12"
                },
                "wide": {
                  "1": "M01",
                  "2": "M02",
                  "3": "M03",
                  "4": "M04",
                  "5": "M05",
                  "6": "M06",
                  "7": "M07",
                  "8": "M08",
                  "9": "M09",
                  "10": "M10",
                  "11": "M11",
                  "12": "M12"
                }
              },
              "stand-alone": {
                "abbreviated": {
                  "1": "M01",
                  "2": "M02",
                  "3": "M03",
                  "4": "M04",
                  "5": "M05",
                  "6": "M06",
                  "7": "M07",
                  "8": "M08",
                  "9": "M09",
                  "10": "M10",
                  "11": "M11",
                  "12": "M12"
                },
                "narrow": {
                  "1": "1",
                  "2": "2",
                  "3": "3",
                  "4": "4",
                  "5": "5",
                  "6": "6",
                  "7": "7",
                  "8": "8",
                  "9": "9",
                  "10": "10",
                  "11": "11",
                  "12": "12"
                },
                "wide": {
                  "1": "M01",
                  "2": "M02",
                  "3": "M03",
                  "4": "M04",
                  "5": "M05",
                  "6": "M06",
                  "7": "M07",
                  "8": "M08",
                  "9": "M09",
                  "10": "M10",
                  "11": "M11",
                  "12": "M12"
                }
              }
            },
            "days": {
              "format": {
                "abbreviated": {
                  "sun": "dom",
                  "mon": "llu",
                  "tue": "mar",
                  "wed": "mie",
                  "thu": "xue",
                  "fri": "vie",
                  "sat": "sab"
                },
                "narrow": {
                  "sun": "D",
                  "mon": "L",
                  "tue": "M",
                  "wed": "M",
                  "thu": "X",
                  "fri": "V",
                  "sat": "S"
                },
                "short": {
                  "sun": "do",
                  "mon": "ll",
                  "tue": "ma",
                  "wed": "mi",
                  "thu": "xu",
                  "fri": "vi",
                  "sat": "sa"
                },
                "wide": {
                  "sun": "domingu",
                  "mon": "llunes",
                  "tue": "martes",
                  "wed": "miércoles",
                  "thu": "xueves",
                  "fri": "vienres",
                  "sat": "sábadu"
                }
              },
              "stand-alone": {
                "abbreviated": {
                  "sun": "dom",
                  "mon": "llu",
                  "tue": "mar",
                  "wed": "mie",
                  "thu": "xue",
                  "fri": "vie",
                  "sat": "sab"
                },
                "narrow": {
                  "sun": "D",
                  "mon": "L",
                  "tue": "M",
                  "wed": "M",
                  "thu": "X",
                  "fri": "V",
                  "sat": "S"
                },
                "short": {
                  "sun": "do",
                  "mon": "ll",
                  "tue": "ma",
                  "wed": "mi",
                  "thu": "xu",
                  "fri": "vi",
                  "sat": "sa"
                },
                "wide": {
                  "sun": "domingu",
                  "mon": "llunes",
                  "tue": "martes",
                  "wed": "miércoles",
                  "thu": "xueves",
                  "fri": "vienres",
                  "sat": "sábadu"
                }
              }
            },
            "quarters": {
              "format": {
                "abbreviated": {
                  "1": "1T",
                  "2": "2T",
                  "3": "3T",
                  "4": "4T"
                },
                "narrow": {
                  "1": "1",
                  "2": "2",
                  "3": "3",
                  "4": "4"
                },
                "wide": {
                  "1": "1er trimestre",
                  "2": "2u trimestre",
                  "3": "3er trimestre",
                  "4": "4u trimestre"
                }
              },
              "stand-alone": {
                "abbreviated": {
                  "1": "1T",
                  "2": "2T",
                  "3": "3T",
                  "4": "4T"
                },
                "narrow": {
                  "1": "1",
                  "2": "2",
                  "3": "3",
                  "4": "4"
                },
                "wide": {
                  "1": "1er trimestre",
                  "2": "2u trimestre",
                  "3": "3er trimestre",
                  "4": "4u trimestre"
                }
              }
            },
            "dayPeriods": {
              "format": {
                "abbreviated": {
                  "am": "AM",
                  "noon": "noon",
                  "pm": "PM"
                },
                "narrow": {
                  "am": "a",
                  "noon": "n",
                  "pm": "p"
                },
                "wide": {
                  "am": "AM",
                  "noon": "noon",
                  "pm": "PM"
                }
              },
              "stand-alone": {
                "abbreviated": {
                  "am": "AM",
                  "noon": "noon",
                  "pm": "PM"
                },
                "narrow": {
                  "am": "a",
                  "noon": "n",
                  "pm": "p"
                },
                "wide": {
                  "am": "AM",
                  "noon": "noon",
                  "pm": "PM"
                }
              }
            },
            "eras": {
              "eraNames": {
                "0": "ERA0",
                "1": "ERA1"
              },
              "eraAbbr": {
                "0": "ERA0",
                "1": "ERA1"
              },
              "eraNarrow": {
                "0": "ERA0",
                "1": "ERA1"
              }
            },
            "dateFormats": {
              "full": "EEEE, dd MMMM 'de' y G",
              "long": "d MMMM 'de' y G",
              "medium": "d MMM y G",
              "short": "d/M/yy GGGGG"
            },
            "timeFormats": {
              "full": "HH:mm:ss zzzz",
              "long": "HH:mm:ss z",
              "medium": "HH:mm:ss",
              "short": "HH:mm"
            },
            "dateTimeFormats": {
              "full": "{1} {0}",
              "long": "{1} {0}",
              "medium": "{1} {0}",
              "short": "{1} {0}",
              "availableFormats": {
                "E": "ccc",
                "EHm": "E HH:mm",
                "EHms": "E HH:mm:ss",
                "Ed": "E d",
                "Ehm": "E h:mm a",
                "Ehms": "E h:mm:ss a",
                "Gy": "G y",
                "GyMMM": "G y MMM",
                "GyMMMEd": "G y MMM d, E",
                "GyMMMd": "G y MMM d",
                "H": "HH",
                "Hm": "HH:mm",
                "Hms": "HH:mm:ss",
                "M": "L",
                "MEd": "E, d/M",
                "MMM": "LLL",
                "MMMEd": "E, d MMM",
                "MMMd": "d MMM",
                "Md": "d/M",
                "d": "d",
                "h": "h a",
                "hm": "h:mm a",
                "hms": "h:mm:ss a",
                "ms": "mm:ss",
                "y": "y",
                "yM": "M/y",
                "yMEd": "E, d/M/y",
                "yMMM": "MMM y",
                "yMMMEd": "E, d MMM y",
                "yMMMd": "d MMM y",
                "yMd": "d/M/y",
                "yQQQ": "QQQ y",
                "yQQQQ": "QQQQ y",
                "yyyy": "G y",
                "yyyyM": "GGGGG y-MM",
                "yyyyMEd": "GGGGG y-MM-dd, E",
                "yyyyMMM": "G y MMM",
                "yyyyMMMEd": "G y MMM d, E",
                "yyyyMMMd": "G y MMM d",
                "yyyyMd": "GGGGG y-MM-dd",
                "yyyyQQQ": "G y QQQ",
                "yyyyQQQQ": "G y QQQQ"
              },
              "appendItems": {
                "Day": "{0} ({2}: {1})",
                "Day-Of-Week": "{0} {1}",
                "Era": "{1} {0}",
                "Hour": "{0} ({2}: {1})",
                "Minute": "{0} ({2}: {1})",
                "Month": "{0} ({2}: {1})",
                "Quarter": "{0} ({2}: {1})",
                "Second": "{0} ({2}: {1})",
                "Timezone": "{0} {1}",
                "Week": "{0} ({2}: {1})",
                "Year": "{1} {0}"
              },
              "intervalFormats": {
                "intervalFormatFallback": "{0} – {1}",
                "H": {
                  "H": "HH–HH"
                },
                "Hm": {
                  "H": "HH:mm–HH:mm",
                  "m": "HH:mm–HH:mm"
                },
                "Hmv": {
                  "H": "HH:mm–HH:mm v",
                  "m": "HH:mm–HH:mm v"
                },
                "Hv": {
                  "H": "HH–HH v"
                },
                "M": {
                  "M": "M – M"
                },
                "MEd": {
                  "M": "E, dd/MM – E, dd/MM",
                  "d": "E, dd – E, dd/MM"
                },
                "MMM": {
                  "M": "LLL – LLL"
                },
                "MMMEd": {
                  "M": "E, d MMM – E, d MMM",
                  "d": "E, d MMM – E, d MMM"
                },
                "MMMd": {
                  "M": "d/MM – d/MM",
                  "d": "d – d MMM"
                },
                "Md": {
                  "M": "dd/MM – dd/MM",
                  "d": "dd – dd/MM"
                },
                "d": {
                  "d": "d – d"
                },
                "h": {
                  "a": "h a – h a",
                  "h": "h–h a"
                },
                "hm": {
                  "a": "h:mm a – h:mm a",
                  "h": "h:mm–h:mm a",
                  "m": "h:mm–h:mm a"
                },
                "hmv": {
                  "a": "h:mm a – h:mm a v",
                  "h": "h:mm–h:mm a v",
                  "m": "h:mm–h:mm a v"
                },
                "hv": {
                  "a": "h a – h a v",
                  "h": "h–h a v"
                },
                "y": {
                  "y": "y – y G"
                },
                "yM": {
                  "M": "MM – MM/y",
                  "y": "MM/y – MM/y"
                },
                "yMEd": {
                  "M": "E, d/M/y – E, d/M/y",
                  "d": "E, d/M/y – E, d/M/y",
                  "y": "E, d/M/y – E, d/M/y"
                },
                "yMMM": {
                  "M": "LLL – LLL y G",
                  "y": "MMM y – MMM y"
                },
                "yMMMEd": {
                  "M": "E, d MMM – E, d MMM y",
                  "d": "E, d MMM – E, d MMM y",
                  "y": "E, d MMM y – E, d MMM y"
                },
                "yMMMM": {
                  "M": "LLLL – LLLL 'de' y G",
                  "y": "LLLL y – LLLL y"
                },
                "yMMMd": {
                  "M": "d MMM – d MMM y",
                  "d": "d – d MMM 'de' y G",
                  "y": "d MMM y – d MMM y"
                },
                "yMd": {
                  "M": "d/M/y – d/M/y",
                  "d": "d/M/y – d/M/y",
                  "y": "d/M/y – d/M/y"
                }
              }
            }
          }
        }
      }
    }
  }
}
